Symbol,Name,Sector,SubIndustry,Headquarters_Location,Date_First_Added,CIK,Founded
MMM\n,3M Company,Industrials,Industrial Conglomerates,"b'St. Paul, Minnesota'",,0000066740,1902\n
AOS\n,A.O. Smith Corp,Industrials,Building Products,"b'Milwaukee, Wisconsin'",2017-07-26,0000091142\n,1916\n
ABT\n,Abbott Laboratories,Health Care,Health Care Equipment,"b'North Chicago, Illinois'",1964-03-31,0000001800,1888\n
ABBV\n,AbbVie Inc.,Health Care,Pharmaceuticals,"b'North Chicago, Illinois'",2012-12-31,0001551152,2013 (1888)\n
ABMD\n,ABIOMED Inc,Health Care,Health Care Equipment,"b'Danvers, Massachusetts'",2018-05-31,0000815094,1981\n
ACN\n,Accenture plc,Information Technology,IT Consulting & Other Services,"b'Dublin, Ireland'",2011-07-06,0001467373,1989\n
ATVI\n,Activision Blizzard,Communication Services,Interactive Home Entertainment,"b'Santa Monica, California'",2015-08-31,0000718877,2008\n
ADBE\n,Adobe Systems Inc,Information Technology,Application Software,"b'San Jose, California'",1997-05-05,0000796343,1982\n
AAP\n,Advance Auto Parts,Consumer Discretionary,Automotive Retail,"b'Raleigh, North Carolina'",2015-07-09,0001158449,1932\n
AMD\n,Advanced Micro Devices Inc,Information Technology,Semiconductors,"b'Sunnyvale, California'",2017-03-20,0000002488,1969\n
AES\n,AES Corp,Utilities,Independent Power Producers & Energy Traders,"b'Arlington, Virginia'",1998-10-02,0000874761,1981\n
AMG\n,Affiliated Managers Group Inc,Financials,Asset Management & Custody Banks,"b'West Palm Beach, Florida'",2014-07-01,0001004434\n,1993\n
AFL\n,AFLAC Inc,Financials,Life & Health Insurance,"b'Columbus, Georgia'",1999-05-28,0000004977,1955\n
A\n,Agilent Technologies Inc,Health Care,Health Care Equipment,"b'Santa Clara, California'",2000-06-05,0001090872,1999\n
APD\n,Air Products & Chemicals Inc,Materials,Industrial Gases,"b'Allentown, Pennsylvania'",1985-04-30,0000002969,1940\n
AKAM\n,Akamai Technologies Inc,Information Technology,Internet Services & Infrastructure,"b'Cambridge, Massachusetts'",2007-07-12,0001086222,1998\n
ALK\n,Alaska Air Group Inc,Industrials,Airlines,"b'Seattle, Washington'",2016-05-13,0000766421,1985\n
ALB\n,Albemarle Corp,Materials,Specialty Chemicals,"b'Charlotte, North Carolina'",2016-07-01,0000915913,1994\n
ARE\n,Alexandria Real Estate Equities,Real Estate,Office REITs,"b'Pasadena, California'",2017-03-20,0001035443,1994\n
ALXN\n,Alexion Pharmaceuticals,Health Care,Biotechnology,"b'Boston, Massachusetts'",2012-05-25,0000899866\n,1992\n
ALGN\n,Align Technology,Health Care,Health Care Supplies,"b'San Jose, California'",2017-06-19,0001097149,1997\n
ALLE\n,Allegion,Industrials,Building Products,"b'Dublin, Ireland'",2013-12-02,0001579241\n,1908\n
AGN\n,"Allergan, Plc",Health Care,Pharmaceuticals,"b'Dublin, Ireland'",1999-04-12,0001578845\n,1983\n
ADS\n,Alliance Data Systems,Information Technology,Data Processing & Outsourced Services,"b'Plano, Texas'",2013-12-23,0001101215\n,1996\n
LNT\n,Alliant Energy Corp,Utilities,Electric Utilities,"b'Madison, Wisconsin'",2016-07-01,0000352541\n,1917\n
ALL\n,Allstate Corp,Financials,Property & Casualty Insurance,"b'Northfield Township, Illinois'",1995-07-13,0000899051\n,1931\n
GOOGL\n,Alphabet Inc Class A,Communication Services,Interactive Media & Services,"b'Mountain View, California'",2014-04-03,0001652044\n,1998\n
GOOG\n,Alphabet Inc Class C,Communication Services,Interactive Media & Services,"b'Mountain View, California'",2006-04-03,0001652044\n,1998\n
MO\n,Altria Group Inc,Consumer Staples,Tobacco,"b'Richmond, Virginia'",,0000764180,1985\n
AMZN\n,Amazon.com Inc.,Consumer Discretionary,Internet & Direct Marketing Retail,"b'Seattle, Washington'",2005-11-18,0001018724\n,1994\n
AEE\n,Ameren Corp,Utilities,Multi-Utilities,"b'St. Louis, Missouri'",1991-09-19,0001002910\n,1902\n
AAL\n,American Airlines Group,Industrials,Airlines,"b'Fort Worth, Texas'",2015-03-23,0000006201\n,1934\n
AEP\n,American Electric Power,Utilities,Electric Utilities,"b'Columbus, Ohio'",,0000004904,1906\n
AXP\n,American Express Co,Financials,Consumer Finance,"b'New York, New York'",1976-06-30,0000004962\n,1850\n
AIG\n,American International Group,Financials,Property & Casualty Insurance,"b'New York, New York'",1980-03-31,0000005272\n,1919\n
AMT\n,American Tower Corp.,Real Estate,Specialized REITs,"b'Boston, Massachusetts'",2007-11-19,0001053507\n,1995\n
AWK\n,American Water Works Company Inc,Utilities,Water Utilities,"b'Voorhees, New Jersey'",2016-03-04,0001410636\n,1886\n
AMP\n,Ameriprise Financial,Financials,Asset Management & Custody Banks,"b'Minneapolis, Minnesota'",2005-10-03,0000820027\n,1894\n
ABC\n,AmerisourceBergen Corp,Health Care,Health Care Distributors,"b'Chesterbrook, Pennsylvania'",2001-08-30,0001140859\n,1985\n
AME\n,AMETEK Inc.,Industrials,Electrical Components & Equipment,"b'Berwyn, Pennsylvania'",2013-09-23,0001037868\n,1930\n
AMGN\n,Amgen Inc.,Health Care,Biotechnology,"b'Thousand Oaks, California'",1992-01-02,0000318154\n,1980\n
APH\n,Amphenol Corp,Information Technology,Electronic Components,"b'Wallingford, Connecticut'",2008-09-30,0000820313\n,1932\n
APC\n,Anadarko Petroleum Corp,Energy,Oil & Gas Exploration & Production,"b'The Woodlands, Texas'",1997-07-28,0000773910\n,1959\n
ADI\n,"Analog Devices, Inc.",Information Technology,Semiconductors,"b'Norwood, Massachusetts'",1999-10-12,0000006281\n,1965\n
ANSS\n,ANSYS,Information Technology,Application Software,"b'Canonsburg, Pennsylvania'",2017-06-19,0001013462\n,1969\n
ANTM\n,Anthem Inc.,Health Care,Managed Health Care,"b'Indianapolis, Indiana'",2002-07-25,0001156039\n,2014 (1940s)\n
AON\n,Aon plc,Financials,Insurance Brokers,"b'London, United Kingdom'",1996-04-23,0000315293\n,1982 (1919)\n
APA\n,Apache Corporation,Energy,Oil & Gas Exploration & Production,"b'Houston, Texas'",1997-07-28,0000006769\n,1954\n
AIV\n,Apartment Investment & Management,Real Estate,Residential REITs,"b'Denver, Colorado'",2003-03-14,0000922864\n,1994 (1975)\n
AAPL\n,Apple Inc.,Information Technology,"Technology Hardware, Storage & Peripherals","b'Cupertino, California'",1982-11-30,0000320193\n,1977\n
AMAT\n,Applied Materials Inc.,Information Technology,Semiconductor Equipment,"b'Santa Clara, California'",1995-03-16,0000006951\n,1967\n
APTV\n,Aptiv Plc,Consumer Discretionary,Auto Parts & Equipment,"b'Gillingham, Kent, United Kingdom'",2012-12-24,0001521332\n,1994\n
ADM\n,Archer-Daniels-Midland Co,Consumer Staples,Agricultural Products,"b'Chicago, Illinois'",1981-07-29,0000007084\n,1902\n
ARNC\n,Arconic Inc.,Industrials,Aerospace & Defense,"b'New York, New York'",1964-03-31,0000004281,2016\n
ANET\n,Arista Networks,Information Technology,Communications Equipment,"b'Santa Clara, California'",2018-08-28,0001596532,2004\n
AJG\n,Arthur J. Gallagher & Co.,Financials,Insurance Brokers,"b'Itasca, Illinois'",2016-05-31,0000354190\n,\n
AIZ\n,Assurant,Financials,Multi-line Insurance,"b'New York, New York'",2007-04-10,0001267238\n,\n
T\n,AT&T Inc.,Communication Services,Integrated Telecommunication Services,"b'Dallas, Texas'",1983-11-30,0000732717\n,1983\n
ATO\n,Atmos Energy Corp,Utilities,Gas Utilities,"b'Dallas, Texas'",2019-02-15,0000731802,1906\n
ADSK\n,Autodesk Inc.,Information Technology,Application Software,"b'San Rafael, California'",1989-12-01,0000769397\n,\n
ADP\n,Automatic Data Processing,Information Technology,Internet Services & Infrastructure,"b'Roseland, New Jersey'",1981-03-31,0000008670\n,\n
AZO\n,AutoZone Inc,Consumer Discretionary,Specialty Stores,"b'Memphis, Tennessee'",1997-01-02,0000866787\n,\n
AVB\n,"AvalonBay Communities, Inc.",Real Estate,Residential REITs,"b'Arlington, Virginia[3]'",2007-01-10,0000915912\n,\n
AVY\n,Avery Dennison Corp,Materials,Paper Packaging,"b'Glendale, California'",1987-12-31,0000008818\n,\n
BHGE\n,"Baker Hughes, a GE Company",Energy,Oil & Gas Equipment & Services,"b'Houston, Texas'",,0001701605,2017\n
BLL\n,Ball Corp,Materials,Metal & Glass Containers,"b'Broomfield, Colorado'",1984-10-31,0000009389\n,\n
BAC\n,Bank of America Corp,Financials,Diversified Banks,"b'Charlotte, North Carolina'",1976-06-30,0000070858\n,\n
BAX\n,Baxter International Inc.,Health Care,Health Care Equipment,"b'Deerfield, Illinois'",1972-09-30,0000010456,1931\n
BBT\n,BB&T Corporation,Financials,Regional Banks,"b'Winston-Salem, North Carolina'",1997-12-04,0000092230\n,\n
BDX\n,Becton Dickinson,Health Care,Health Care Equipment,"b'Franklin Lakes, New Jersey'",1972-09-30,0000010795,1897\n
BRK.B\n,Berkshire Hathaway,Financials,Multi-Sector Holdings,"b'Omaha, Nebraska'",2010-02-16,0001067983\n,\n
BBY\n,Best Buy Co. Inc.,Consumer Discretionary,Computer & Electronics Retail,"b'Richfield, Minnesota'",1999-06-29,0000764478\n,\n
BIIB\n,Biogen Inc.,Health Care,Biotechnology,"b'Cambridge, Massachusetts'",2003-11-13,0000875045\n,\n
BLK\n,BlackRock,Financials,Asset Management & Custody Banks,"b'New York, New York'",2011-04-04,0001364742\n,\n
HRB\n,Block H&R,Consumer Discretionary,Specialized Consumer Services,"b'Kansas City, Missouri'",1986-11-30,0000012659\n,\n
BA\n,Boeing Company,Industrials,Aerospace & Defense,"b'Chicago, Illinois'",,0000012927,1916\n
BKNG\n,Booking Holdings Inc,Consumer Discretionary,Internet & Direct Marketing Retail,"b'Norwalk, Connecticut'",2009-11-06,0001075531\n,\n
BWA\n,BorgWarner,Consumer Discretionary,Auto Parts & Equipment,"b'Auburn Hills, Michigan'",2011-12-19,0000908255\n,\n
BXP\n,Boston Properties,Real Estate,Office REITs,"b'Boston, Massachusetts'",2006-04-03,0001037540\n,\n
BSX\n,Boston Scientific,Health Care,Health Care Equipment,"b'Marlborough, Massachusetts[4]'",1995-02-24,0000885725\n,\n
BMY\n,Bristol-Myers Squibb,Health Care,Health Care Distributors,"b'New York, New York'",,0000014272,1989\n
AVGO\n,Broadcom Inc.,Information Technology,Semiconductors,"b'San Jose, California'",2014-05-08,0001730168\n,\n
BR\n,Broadridge Financial Solutions,Information Technology,Data Processing & Outsourced Services,"b'Lake Success, New York'",2018-06-18,0001383312,1962\n
BF.B\n,Brown-Forman Corp.,Consumer Staples,Distillers & Vintners,"b'Louisville, Kentucky'",1982-10-31,0000014693\n,\n
CHRW\n,C. H. Robinson Worldwide,Industrials,Air Freight & Logistics,"b'Eden Prairie, Minnesota'",2007-03-02,0001043277\n,\n
COG\n,Cabot Oil & Gas,Energy,Oil & Gas Exploration & Production,"b'Houston, Texas'",2008-06-23,0000858470\n,\n
CDNS\n,Cadence Design Systems,Information Technology,Application Software,"b'San Jose, California'",2017-09-18,0000813672\n,\n
CPB\n,Campbell Soup,Consumer Staples,Packaged Foods & Meats,"b'Camden, New Jersey'",,0000016732,1869\n
COF\n,Capital One Financial,Financials,Consumer Finance,"b'Tysons Corner, Virginia'",1998-07-01,0000927628,1935\n
CPRI\n,Capri Holdings,Consumer Discretionary,"Apparel, Accessories & Luxury Goods","b'New York, New York'",2013-11-13,0001530721\n,\n
CAH\n,Cardinal Health Inc.,Health Care,Health Care Distributors,"b'Dublin, Ohio'",1997-05-27,0000721371\n,\n
KMX\n,Carmax Inc,Consumer Discretionary,Specialty Stores,"b'Richmond, Virginia'",2010-06-28,0001170010\n,\n
CCL\n,Carnival Corp.,Consumer Discretionary,"Hotels, Resorts & Cruise Lines","b'Miami, Florida'",1998-12-22,0000815097\n,\n
CAT\n,Caterpillar Inc.,Industrials,Construction Machinery & Heavy Trucks,"b'Deerfield, Illinois'",,0000018230,1925\n
CBOE\n,Cboe Global Markets,Financials,Financial Exchanges & Data,"b'Chicago, Illinois'",2017-03-01,0001374310\n,\n
CBRE\n,CBRE Group,Real Estate,Real Estate Services,"b'Los Angeles, California'",2006-11-10,0001138118\n,\n
CBS\n,CBS Corp.,Communication Services,Broadcasting,"b'New York, New York'",1994-09-01,0000813828,2006\n
CE\n,Celanese,Materials,Specialty Chemicals,"b'Irving, Texas'",2018-12-24,0001306830,\n
CELG\n,Celgene Corp.,Health Care,Biotechnology,"b'Summit, New Jersey'",2006-11-06,0000816284\n,\n
CNC\n,Centene Corporation,Health Care,Managed Health Care,"b'St Louis, Missouri'",2016-03-30,0001071739\n,\n
CNP\n,CenterPoint Energy,Utilities,Multi-Utilities,"b'Houston, Texas'",1985-07-31,0001130310\n,\n
CTL\n,CenturyLink Inc,Communication Services,Integrated Telecommunication Services,"b'Monroe, Louisiana'",1999-03-25,0000018926\n,\n
CERN\n,Cerner,Health Care,Health Care Technology,"b'North Kansas City, Missouri'",2010-04-30,0000804753\n,\n
CF\n,CF Industries Holdings Inc,Materials,Fertilizers & Agricultural Chemicals,"b'Deerfield, Illinois'",2008-08-27,0001324404\n,\n
SCHW\n,Charles Schwab Corporation,Financials,Investment Banking & Brokerage,"b'San Francisco, California'",1997-06-02,0000316709\n,\n
CHTR\n,Charter Communications,Communication Services,Cable & Satellite,"b'Stamford, Connecticut'",2016-09-08,0001091667\n,\n
CVX\n,Chevron Corp.,Energy,Integrated Oil & Gas,"b'San Ramon, California'",,0000093410,1879\n
CMG\n,Chipotle Mexican Grill,Consumer Discretionary,Restaurants,"b'Newport Beach, California'",2011-04-28,0001058090\n,\n
CB\n,Chubb Limited,Financials,Property & Casualty Insurance,"b'Zurich, Switzerland'",2010-07-15,0000896159\n,\n
CHD\n,Church & Dwight,Consumer Staples,Household Products,"b'Ewing, New Jersey'",2015-12-29,0000313927\n,\n
CI\n,CIGNA Corp.,Health Care,Managed Health Care,"b'Bloomfield, Connecticut'",1976-06-30,0000701221\n,\n
XEC\n,Cimarex Energy,Energy,Oil & Gas Exploration & Production,"b'Denver, Colorado'",2014-06-21,0001168054\n,\n
CINF\n,Cincinnati Financial,Financials,Property & Casualty Insurance,"b'Fairfield, Ohio'",1997-12-18,0000020286\n,\n
CTAS\n,Cintas Corporation,Industrials,Diversified Support Services,"b'Mason, Ohio'",2001-03-01,0000723254\n,\n
CSCO\n,Cisco Systems,Information Technology,Communications Equipment,"b'San Jose, California'",1993-12-01,0000858877\n,\n
C\n,Citigroup Inc.,Financials,Diversified Banks,"b'New York, New York'",1988-05-31,0000831001\n,\n
CFG\n,Citizens Financial Group,Financials,Regional Banks,"b'Providence, Rhode Island'",2016-01-29,0000759944\n,\n
CTXS\n,Citrix Systems,Information Technology,Internet Software & Services,"b'Fort Lauderdale, Florida'",1999-12-01,0000877890\n,\n
CME\n,CME Group Inc.,Financials,Financial Exchanges & Data,"b'Chicago, Illinois'",2006-08-11,0001156375\n,\n
CMS\n,CMS Energy,Utilities,Multi-Utilities,"b'Jackson, Michigan'",1999-05-03,0000811156\n,\n
KO\n,Coca-Cola Company,Consumer Staples,Soft Drinks,"b'Atlanta, Georgia'",,0000021344,1886\n
CTSH\n,Cognizant Technology Solutions,Information Technology,IT Consulting & Other Services,"b'Teaneck, New Jersey'",2006-11-17,0001058290\n,\n
CL\n,Colgate-Palmolive,Consumer Staples,Household Products,"b'New York, New York'",,0000021665,1806\n
CMCSA\n,Comcast Corp.,Communication Services,Cable & Satellite,"b'Philadelphia, Pennsylvania'",2015-09-18,0001166691\n,\n
CMA\n,Comerica Inc.,Financials,Diversified Banks,"b'Dallas, Texas'",1995-12-01,0000028412\n,\n
CAG\n,Conagra Brands,Consumer Staples,Packaged Foods & Meats,"b'Chicago, Illinois'",1983-08-31,0000023217\n,\n
CXO\n,Concho Resources,Energy,Oil & Gas Exploration & Production,"b'Midland, Texas'",2016-02-22,0001358071\n,\n
COP\n,ConocoPhillips,Energy,Oil & Gas Exploration & Production,"b'Houston, Texas'",,0001163165,2002\n
ED\n,Consolidated Edison,Utilities,Electric Utilities,"b'New York, New York'",,0001047862,1823\n
STZ\n,Constellation Brands,Consumer Staples,Distillers & Vintners,"b'Victor, New York'",2005-07-01,0000016918\n,\n
CPRT\n,Copart Inc,Industrials,Diversified Support Services,"b'Dallas, Texas'",2018-07-02,0000900075\n,\n
GLW\n,Corning Inc.,Information Technology,Electronic Components,"b'Corning, New York'",,0000024741,1851\n
COST\n,Costco Wholesale Corp.,Consumer Staples,Hypermarkets & Super Centers,"b'Issaquah, Washington'",1993-10-01,0000909832\n,\n
COTY\n,"Coty, Inc",Consumer Staples,Personal Products,"b'New York, New York'",2016-10-03,0001024305\n,\n
CCI\n,Crown Castle International Corp.,Real Estate,Specialized REITs,"b'Houston, Texas'",2012-03-14,0001051470\n,\n
CSX\n,CSX Corp.,Industrials,Railroads,"b'Jacksonville, Florida'",1967-09-30,0000277948,1980\n
CMI\n,Cummins Inc.,Industrials,Industrial Machinery,"b'Columbus, Indiana'",1965-03-31,0000026172,1919\n
CVS\n,CVS Health,Health Care,Health Care Services,"b'Woonsocket, Rhode Island'",,0000064803,1996\n
DHI\n,D. R. Horton,Consumer Discretionary,Homebuilding,"b'Fort Worth, Texas'",,0000882184,1978\n
DHR\n,Danaher Corp.,Health Care,Health Care Equipment,"b'Washington, D.C.'",,0000313616,1969\n
DRI\n,Darden Restaurants,Consumer Discretionary,Restaurants,"b'Orlando, Florida'",,0000940944,1938\n
DVA\n,DaVita Inc.,Health Care,Health Care Facilities,"b'Denver, Colorado'",2008-07-31,0000927066\n,\n
DE\n,Deere & Co.,Industrials,Agricultural & Farm Machinery,"b'Moline, Illinois'",,0000315189,1837\n
DAL\n,Delta Air Lines Inc.,Industrials,Airlines,"b'Atlanta, Georgia'",2013-09-11,0000027904\n,\n
XRAY\n,Dentsply Sirona,Health Care,Health Care Supplies,"b'York, Pennsylvania'",2008-11-14,0000818479\n,\n
DVN\n,Devon Energy,Energy,Oil & Gas Exploration & Production,"b'Oklahoma City, Oklahoma'",2000-08-30,0001090012\n,\n
FANG\n,Diamondback Energy,Energy,Oil & Gas Exploration & Production,"b'Midland, Texas'",2018-12-03,0001539838,2007\n
DLR\n,Digital Realty Trust Inc,Real Estate,Specialized REITs,"b'San Francisco, California'",2016-05-18,0001297996\n,\n
DFS\n,Discover Financial Services,Financials,Consumer Finance,"b'Riverwoods, Illinois'",2007-07-02,0001393612\n,\n
DISCA\n,Discovery Inc. Class A,Communication Services,Broadcasting,"b'Silver Spring, Maryland'",2010-03-01,0001437107\n,\n
DISCK\n,Discovery Inc. Class C,Communication Services,Broadcasting,"b'Silver Spring, Maryland'",2014-08-07,0001437107\n,\n
DISH\n,Dish Network,Communication Services,Cable & Satellite,"b'Meridian, Colorado'",2017-03-13,0001001082\n,\n
DG\n,Dollar General,Consumer Discretionary,General Merchandise Stores,"b'Goodlettsville, Tennessee'",2012-12-03,0000029534\n,\n
DLTR\n,Dollar Tree,Consumer Discretionary,General Merchandise Stores,"b'Chesapeake, Virginia'",2011-12-19,0000935703\n,\n
D\n,Dominion Energy,Utilities,Electric Utilities,"b'Richmond, Virginia'",,0000715957,1983\n
DOV\n,Dover Corp.,Industrials,Industrial Machinery,"b'Downers Grove, Illinois'",1985-10-31,0000029905\n,\n
DOW\n,Dow Inc.,Materials,Commodity Chemicals,"b'Midland, Michigan'",2019-04-01,0001751788,2019\n
DWDP\n,DowDuPont,Materials,Specialty Chemicals,"b'Midland, Michigan'",,0001666700,2017\n
DTE\n,DTE Energy Co.,Utilities,Multi-Utilities,"b'Detroit, Michigan'",,0000936340,1995\n
DUK\n,Duke Energy,Utilities,Electric Utilities,"b'Charlotte, North Carolina'",1976-06-30,0001326160\n,\n
DRE\n,Duke Realty Corp,Real Estate,Industrial REITs,"b'Indianapolis, Indiana'",2017-07-26,0000783280\n,\n
DXC\n,DXC Technology,Information Technology,IT Consulting & Other Services,"b'Tysons Corner, Virginia'",2017-04-04,0001688568\n,\n
ETFC\n,E*Trade,Financials,Investment Banking & Brokerage,"b'New York, New York'",2004-03-31,0001015780\n,\n
EMN\n,Eastman Chemical,Materials,Diversified Chemicals,"b'Kingsport, Tennessee'",1994-01-01,0000915389\n,\n
ETN\n,Eaton Corporation,Industrials,Electrical Components & Equipment,"b'Dublin, Ireland'",,0001551182,1911\n
EBAY\n,eBay Inc.,Consumer Discretionary,Internet & Direct Marketing Retail,"b'San Jose, California'",,0001065088,1995\n
ECL\n,Ecolab Inc.,Materials,Specialty Chemicals,"b'St. Paul, Minnesota'",1989-01-31,0000031462\n,\n
EIX\n,Edison Int\'l,Utilities,Electric Utilities,"b'Rosemead, California'",,0000827052,1886\n
EW\n,Edwards Lifesciences,Health Care,Health Care Equipment,"b'Irvine, California'",2011-04-01,0001099800\n,\n
EA\n,Electronic Arts,Communication Services,Interactive Home Entertainment,"b'Redwood City, California'",2002-07-22,0000712515\n,\n
EMR\n,Emerson Electric Company,Industrials,Electrical Components & Equipment,"b'Ferguson, Missouri'",1965-03-31,0000032604,1890\n
ETR\n,Entergy Corp.,Utilities,Electric Utilities,"b'New Orleans, Louisiana'",,0000065984,1913\n
EOG\n,EOG Resources,Energy,Oil & Gas Exploration & Production,"b'Houston, Texas'",2000-11-02,0000821189\n,\n
EFX\n,Equifax Inc.,Industrials,Research & Consulting Services,"b'Atlanta, Georgia'",1997-06-19,0000033185\n,\n
EQIX\n,Equinix,Real Estate,Specialized REITs,"b'Redwood City, California'",2015-03-20,0001101239\n,\n
EQR\n,Equity Residential,Real Estate,Residential REITs,"b'Chicago, Illinois'",2001-12-03,0000906107\n,\n
ESS\n,"Essex Property Trust, Inc.",Real Estate,Residential REITs,"b'Palo Alto, California'",2014-04-02,0000920522\n,\n
EL\n,Estee Lauder Cos.,Consumer Staples,Personal Products,"b'New York, New York'",2006-01-05,0001001250\n,\n
RE\n,Everest Re Group Ltd.,Financials,Reinsurance,"b'Hamilton, Bermuda'",2017-06-19,0001095073\n,\n
EVRG\n,Evergy,Utilities,Electric Utilities,"b'Kansas City, Missouri'",2018-06-05,0001711269,1909\n
ES\n,Eversource Energy,Utilities,Multi-Utilities,"b'Springfield, Massachusetts'",,0000072741,1966\n
EXC\n,Exelon Corp.,Utilities,Multi-Utilities,"b'Chicago, Illinois'",,0001109357,2000\n
EXPE\n,Expedia Group,Consumer Discretionary,Internet & Direct Marketing Retail,"b'Bellevue, Washington'",2007-10-02,0001324424\n,\n
EXPD\n,Expeditors,Industrials,Air Freight & Logistics,"b'Seattle, Washington'",2007-10-10,0000746515\n,\n
EXR\n,Extra Space Storage,Real Estate,Specialized REITs,"b'Salt Lake City, Utah'",2016-01-19,0001289490\n,\n
XOM\n,Exxon Mobil Corp.,Energy,Integrated Oil & Gas,"b'Irving, Texas'",,0000034088,1999\n
FFIV\n,F5 Networks,Information Technology,Communications Equipment,"b'Seattle, Washington'",2010-12-20,0001048695,1996\n
FB\n,"Facebook, Inc.",Communication Services,Interactive Media & Services,"b'Menlo Park, California'",2013-12-23,0001326801\n,\n
FAST\n,Fastenal Co,Industrials,Building Products,"b'Winona, Minnesota'",2009-09-15,0000815556\n,\n
FRT\n,Federal Realty Investment Trust,Real Estate,Retail REITs,"b'Rockville, Maryland'",2016-02-01,0000034903\n,\n
FDX\n,FedEx Corporation,Industrials,Air Freight & Logistics,"b'Memphis, Tennessee'",1980-12-31,0001048911\n,\n
FIS\n,Fidelity National Information Services,Information Technology,Internet Software & Services,"b'Jacksonville, Florida'",2006-11-10,0001136893\n,\n
FITB\n,Fifth Third Bancorp,Financials,Regional Banks,"b'Cincinnati, Ohio'",,0000035527,1858\n
FRC\n,First Republic Bank,Financials,Regional Banks,"b'San Francisco, California'",2019-01-02,0001132979,1985\n
FE\n,FirstEnergy Corp,Utilities,Electric Utilities,"b'Akron, Ohio'",,0001031296,1997\n
FISV\n,Fiserv Inc,Information Technology,Internet Software & Services,"b'Brookfield, Wisconsin'",2001-04-02,0000798354\n,\n
FLT\n,FleetCor Technologies Inc,Information Technology,Data Processing & Outsources Services,"b'Norcross, Georgia'",2018-06-20,0001175454,2000\n
FLIR\n,FLIR Systems,Information Technology,Electronic Equipment & Instruments,"b'Wilsonville, Oregon'",2009-01-02,0000354908\n,\n
FLS\n,Flowserve Corporation,Industrials,Industrial Machinery,"b'Irving, Texas'",2008-10-02,0000030625\n,\n
FLR\n,Fluor Corp.,Industrials,Construction & Engineering,"b'Irving, Texas'",1980-03-31,0001124198\n,\n
FMC\n,FMC Corporation,Materials,Fertilizers & Agricultural Chemicals,"b'Philadelphia, Pennsylvania'",2009-08-19,0000037785\n,\n
FL\n,Foot Locker Inc,Consumer Discretionary,Apparel Retail,"b'New York, New York'",2016-04-04,0000850209\n,\n
F\n,Ford Motor,Consumer Discretionary,Automobile Manufacturers,"b'Dearborn, Michigan'",,0000037996,1903\n
FTNT\n,Fortinet,Information Technology,Systems Software,"b'Sunnyvale, California'",2018-10-11,0001262039,2000\n
FTV\n,Fortive Corp,Industrials,Industrial Machinery,"b'Everett, Washington'",2016-07-01,0001659166\n,\n
FBHS\n,Fortune Brands Home & Security,Industrials,Building Products,"b'Deerfield, Illinois'",2016-06-22,0001519751\n,\n
FOXA\n,Fox Corporation Class A,Communication Services,Movies & Entertainment,"b'New York, New York'",2013-07-01,0001308161\n,\n
FOX\n,Fox Corporation Class B,Communication Services,Movies & Entertainment,"b'New York, New York'",2015-09-18,0001308161\n,\n
BEN\n,Franklin Resources,Financials,Asset Management & Custody Banks,"b'San Mateo, California'",,0000038777,1947\n
FCX\n,Freeport-McMoRan Inc.,Materials,Copper,"b'Phoenix, Arizona'",,0000831259,1912\n
GPS\n,Gap Inc.,Consumer Discretionary,Apparel Retail,"b'San Francisco, California'",1986-08-31,0000039911\n,\n
GRMN\n,Garmin Ltd.,Consumer Discretionary,Consumer Electronics,"b'Schaffhausen, Switzerland'",2012-12-12,0001121788\n,\n
IT\n,Gartner Inc,Information Technology,IT Consulting & Other Services,"b'Stamford, Connecticut'",2017-04-05,0000749251\n,\n
GD\n,General Dynamics,Industrials,Aerospace & Defense,"b'Falls Church, Virginia'",,0000040533,1899\n
GE\n,General Electric,Industrials,Industrial Conglomerates,"b'Boston, Massachusetts'",,0000040545,1892\n
GIS\n,General Mills,Consumer Staples,Packaged Foods & Meats,"b'Golden Valley, Minnesota'",1969-03-31,0000040704,1856\n
GM\n,General Motors,Consumer Discretionary,Automobile Manufacturers,"b'Detroit, Michigan'",2013-06-06,0001467858\n,\n
GPC\n,Genuine Parts,Consumer Discretionary,Specialty Stores,"b'Atlanta, Georgia'",1973-12-31,0000040987,1925\n
GILD\n,Gilead Sciences,Health Care,Biotechnology,"b'Foster City, California'",2004-07-01,0000882095\n,\n
GPN\n,Global Payments Inc.,Information Technology,Data Processing & Outsourced Services,"b'Atlanta, Georgia'",2016-04-25,0001123360\n,\n
GS\n,Goldman Sachs Group,Financials,Investment Banking & Brokerage,"b'New York, New York'",2002-07-22,0000886982\n,\n
GWW\n,Grainger (W.W.) Inc.,Industrials,Industrial Machinery,"b'Lake Forest, Illinois'",1981-06-30,0000277135\n,\n
HAL\n,Halliburton Co.,Energy,Oil & Gas Equipment & Services,"b'Houston, Texas'",,0000045012,1919\n
HBI\n,Hanesbrands Inc,Consumer Discretionary,"Apparel, Accessories & Luxury Goods","b'Winston-Salem, North Carolina'",2015-03-20,0001359841\n,\n
HOG\n,Harley-Davidson,Consumer Discretionary,Motorcycle Manufacturers,"b'Milwaukee, Wisconsin'",,0000793952,1903\n
HRS\n,Harris Corporation,Industrials,Aerospace & Defense,"b'Melbourne, Florida'",2008-09-22,0000202058\n,\n
HIG\n,Hartford Financial Svc.Gp.,Financials,Property & Casualty Insurance,"b'Hartford, Connecticut'",,0000874766\n,\n
HAS\n,Hasbro Inc.,Consumer Discretionary,Leisure Products,"b'Pawtucket, Rhode Island'",1984-09-30,0000046080\n,\n
HCA\n,HCA Healthcare,Health Care,Health Care Facilities,"b'Nashville, Tennessee'",2015-01-27,0000860730\n,\n
HCP\n,HCP Inc.,Real Estate,Health Care REITs,"b'Long Beach, California'",2008-03-31,0000765880\n,\n
HP\n,Helmerich & Payne,Energy,Oil & Gas Drilling,"b'Tulsa, Oklahoma[5]'",2010-03-01,0000046765\n,\n
HSIC\n,Henry Schein,Health Care,Health Care Distributors,"b'Melville, New York'",2015-03-17,0001000228\n,\n
HES\n,Hess Corporation,Energy,Integrated Oil & Gas,"b'New York, New York'",1984-05-31,0000004447\n,\n
HPE\n,Hewlett Packard Enterprise,Information Technology,"Technology Hardware, Storage & Peripherals","b'Palo Alto, California'",2015-11-02,0001645590\n,\n
HLT\n,Hilton Worldwide Holdings Inc,Consumer Discretionary,"Hotels, Resorts & Cruise Lines","b'Tysons Corner, Virginia'",2017-06-19,0001585689\n,\n
HFC\n,HollyFrontier Corp,Energy,Oil & Gas Refining & Marketing,"b'Dallas, Texas'",2018-06-18,0000048039\n,\n
HOLX\n,Hologic,Health Care,Health Care Equipment,"b'Marlborough, Massachusetts'",2016-03-30,0000859737\n,\n
HD\n,Home Depot,Consumer Discretionary,Home Improvement Retail,"b'Atlanta, Georgia'",1988-03-31,0000354950\n,\n
HON\n,Honeywell Int\'l Inc.,Industrials,Industrial Conglomerates,"b'Morristown, New Jersey'",1964-03-31,0000773840,1906\n
HRL\n,Hormel Foods Corp.,Consumer Staples,Packaged Foods & Meats,"b'Austin, Minnesota'",2009-03-04,0000048465\n,\n
HST\n,Host Hotels & Resorts,Real Estate,Hotel & Resort REITs,"b'Bethesda, Maryland'",2007-03-20,0001070750\n,\n
HPQ\n,HP Inc.,Information Technology,"Technology Hardware, Storage & Peripherals","b'Palo Alto, California'",1974-12-31,0000047217,1939 (2015)\n
HUM\n,Humana Inc.,Health Care,Managed Health Care,"b'Louisville, Kentucky'",,0000049071,1961\n
HBAN\n,Huntington Bancshares,Financials,Regional Banks,"b'Columbus, Ohio'",,0000049196,1866\n
HII\n,Huntington Ingalls Industries,Industrials,Aerospace & Defense,"b'Newport News, Virginia'",2018-01-03,0001501585\n,\n
IDXX\n,IDEXX Laboratories,Health Care,Health Care Equipment,"b'Westbrook, Maine'",2017-01-05,0000874716\n,\n
INFO\n,IHS Markit Ltd.,Industrials,Research & Consulting Services,"b'London, United Kingdom'",2017-06-02,0001598014\n,\n
ITW\n,Illinois Tool Works,Industrials,Industrial Machinery,"b'Glenview, Illinois'",1986-02-28,0000049826\n,\n
ILMN\n,Illumina Inc,Health Care,Life Sciences Tools & Services,"b'San Diego, California'",2015-11-19,0001110803\n,\n
INCY\n,Incyte,Health Care,Biotechnology,"b'Wilmington, Delaware'",2017-02-28,0000879169\n,\n
IR\n,Ingersoll-Rand PLC,Industrials,Industrial Machinery,"b'Dublin, Ireland'",2010-11-17,0001466258\n,\n
INTC\n,Intel Corp.,Information Technology,Semiconductors,"b'Santa Clara, California'",1976-12-31,0000050863\n,\n
ICE\n,Intercontinental Exchange,Financials,Financial Exchanges & Data,"b'Atlanta, Georgia'",2007-09-26,0001571949\n,\n
IBM\n,International Business Machines,Information Technology,IT Consulting & Other Services,"b'Armonk, New York'",,0000051143,1911\n
IP\n,International Paper,Materials,Paper Packaging,"b'Memphis, Tennessee'",,0000051434,1898\n
IPG\n,Interpublic Group,Communication Services,Advertising,"b'New York, New York'",1992-10-01,0000051644\n,\n
IFF\n,Intl Flavors & Fragrances,Materials,Specialty Chemicals,"b'New York, New York'",1976-03-31,0000051253\n,\n
INTU\n,Intuit Inc.,Information Technology,Internet Software & Services,"b'Mountain View, California'",2000-12-05,0000896878\n,\n
ISRG\n,Intuitive Surgical Inc.,Health Care,Health Care Equipment,"b'Sunnyvale, California'",2008-06-02,0001035267\n,\n
IVZ\n,Invesco Ltd.,Financials,Asset Management & Custody Banks,"b'Atlanta, Georgia'",2008-08-21,0000914208\n,\n
IPGP\n,IPG Photonics Corp.,Information Technology,Electronic Manufacturing Services,"b'Oxford, Massachusetts'",2018-03-07,0001111928\n,\n
IQV\n,IQVIA Holdings Inc.,Health Care,Life Sciences Tools & Services,"b'Durham, North Carolina'",2017-08-29,0001478242\n,\n
IRM\n,Iron Mountain Incorporated,Real Estate,Specialized REITs,"b'Boston, Massachusetts'",2009-01-06,0001020569\n,\n
JBHT\n,J. B. Hunt Transport Services,Industrials,Trucking,"b'Lowell, Arkansas'",2015-07-01,0000728535\n,\n
JKHY\n,Jack Henry & Associates,Information Technology,Data Processing & Outsourced Services,"b'Monett, Missouri'",2018-11-13,0000779152\n,\n
JEC\n,Jacobs Engineering Group,Industrials,Construction & Engineering,"b'Pasadena, California'",2007-10-26,0000052988\n,\n
JEF\n,Jefferies Financial Group,Financials,Multi-Sector Holdings,"b'New York, New York'",2007-08-27,0000096223\n,\n
SJM\n,JM Smucker,Consumer Staples,Packaged Foods & Meats,"b'Orrville, Ohio'",2008-11-06,0000091419\n,\n
JNJ\n,Johnson & Johnson,Health Care,Pharmaceuticals,"b'New Brunswick, New Jersey'",1973-06-30,0000200406,1886\n
JCI\n,Johnson Controls International,Industrials,Building Products,"b'Cork, Ireland'",2010-08-27,0000833444\n,\n
JPM\n,JPMorgan Chase & Co.,Financials,Diversified Banks,"b'New York, New York'",1975-06-30,0000019617\n,\n
JNPR\n,Juniper Networks,Information Technology,Communications Equipment,"b'Sunnyvale, California'",,0001043604,1996\n
KSU\n,Kansas City Southern,Industrials,Railroads,"b'Kansas City, Missouri'",2013-05-24,0000054480\n,\n
K\n,Kellogg Co.,Consumer Staples,Packaged Foods & Meats,"b'Battle Creek, Michigan'",,0000055067,1906\n
KEY\n,KeyCorp,Financials,Regional Banks,"b'Cleveland, Ohio'",1994-03-01,0000091576\n,\n
KEYS\n,Keysight Technologies,Information Technology,Electronic Equipment & Instruments,"b'Santa Rosa, California'",2018-11-06,0001601046,2014\n
KMB\n,Kimberly-Clark,Consumer Staples,Household Products,"b'Irving, Texas'",,0000055785,1872\n
KIM\n,Kimco Realty,Real Estate,Retail REITs,"b'New Hyde Park, New York'",2006-04-04,0000879101\n,\n
KMI\n,Kinder Morgan,Energy,Oil & Gas Storage & Transportation,"b'Houston, Texas'",2012-05-25,0001506307\n,\n
KLAC\n,KLA-Tencor Corp.,Information Technology,Semiconductor Equipment,"b'Milpitas, California'",,0000319201,1975/1977 (1997)\n
KSS\n,Kohl\'s Corp.,Consumer Discretionary,General Merchandise Stores,"b'Menomonee Falls, Wisconsin'",,0000885639,1962\n
KHC\n,Kraft Heinz Co,Consumer Staples,Packaged Foods & Meats,"b'Chicago, Illinois; Pittsburgh, Pennsylvania'",2015-07-06,0001637459\n,\n
KR\n,Kroger Co.,Consumer Staples,Food Retail,"b'Cincinnati, Ohio'",,0000056873,1883\n
LB\n,L Brands Inc.,Consumer Discretionary,Apparel Retail,"b'Columbus, Ohio'",1983-09-30,0000701985\n,\n
LLL\n,L-3 Communications Holdings,Industrials,Aerospace & Defense,"b'New York, New York'",,0001039101,1997\n
LH\n,Laboratory Corp. of America Holding,Health Care,Health Care Services,"b'Burlington, North Carolina'",2004-11-01,0000920148\n,\n
LRCX\n,Lam Research,Information Technology,Semiconductor Equipment,"b'Fremont, California'",2012-06-29,0000707549\n,\n
LW\n,Lamb Weston Holdings Inc,Consumer Staples,Packaged Foods & Meats,"b'Eagle, Idaho'",2018-12-03,0001679273\n,\n
LEG\n,Leggett & Platt,Consumer Discretionary,Home Furnishings,"b'Carthage, Missouri'",,0000058492,1883\n
LEN\n,Lennar Corp.,Consumer Discretionary,Homebuilding,"b'Miami, Florida'",2005-10-04,0000920760\n,\n
LLY\n,Lilly (Eli) & Co.,Health Care,Pharmaceuticals,"b'Indianapolis, Indiana'",1970-12-31,0000059478,1876\n
LNC\n,Lincoln National,Financials,Multi-line Insurance,"b'Radnor, Pennsylvania'",1976-06-30,0000059558\n,\n
LIN\n,Linde plc,Materials,Industrial Gases,"b'Guildford, Surrey, United Kingdom'",1992-07-01,0001707925\n,\n
LKQ\n,LKQ Corporation,Consumer Discretionary,Distributors,"b'Chicago, Illinois'",2016-05-23,0001065696\n,\n
LMT\n,Lockheed Martin Corp.,Industrials,Aerospace & Defense,"b'Bethesda, Maryland'",1984-07-31,0000936468\n,\n
L\n,Loews Corp.,Financials,Multi-line Insurance,"b'New York, New York'",,0000060086\n,\n
LOW\n,Lowe\'s Cos.,Consumer Discretionary,Home Improvement Retail,"b'Mooresville, North Carolina'",1984-02-29,0000060667,1904/1946/1959\n
LYB\n,LyondellBasell,Materials,Specialty Chemicals,"b'Rotterdam, Netherlands'",2012-09-05,0001489393\n,\n
MTB\n,M&T Bank Corp.,Financials,Regional Banks,"b'Buffalo, New York'",,0000036270,1856\n
MAC\n,Macerich,Real Estate,Retail REITs,"b'Santa Monica, California'",2013-05-09,0000912242\n,\n
M\n,Macy\'s Inc.,Consumer Discretionary,Department Stores,"b'Cincinnati, Ohio'",,0000794367,1929\n
MRO\n,Marathon Oil Corp.,Energy,Oil & Gas Exploration & Production,"b'Houston, Texas'",1991-05-01,0000101778\n,\n
MPC\n,Marathon Petroleum,Energy,Oil & Gas Refining & Marketing,"b'Findlay, Ohio'",2011-07-01,0001510295\n,\n
MAR\n,Marriott Int\'l.,Consumer Discretionary,"Hotels, Resorts & Cruise Lines","b'Bethesda, Maryland'",,0001048286,1927\n
MMC\n,Marsh & McLennan,Financials,Insurance Brokers,"b'New York, New York'",1987-08-31,0000062709\n,\n
MLM\n,Martin Marietta Materials,Materials,Construction Materials,"b'Raleigh, North Carolina'",2014-07-02,0000916076\n,\n
MAS\n,Masco Corp.,Industrials,Building Products,"b'Taylor, Michigan'",1981-06-30,0000062996\n,\n
MA\n,Mastercard Inc.,Information Technology,IT Services,"b'Harrison, New York'",2008-07-18,0001141391\n,\n
MAT\n,Mattel Inc.,Consumer Discretionary,Leisure Products,"b'El Segundo, California'",1982-03-31,0000063276\n,\n
MXIM\n,Maxim Integrated Products Inc,Information Technology,Semiconductors,"b'San Jose, California'",2018-12-03,0000743316,1983\n
MKC\n,McCormick & Co.,Consumer Staples,Packaged Foods & Meats,"b'Sparks, Maryland'",,0000063754,1889\n
MCD\n,McDonald\'s Corp.,Consumer Discretionary,Restaurants,"b'Chicago, Illinois'",1970-06-30,0000063908,1940\n
MCK\n,McKesson Corp.,Health Care,Health Care Distributors,"b'San Francisco, California'",,0000927653,1833\n
MDT\n,Medtronic plc,Health Care,Health Care Equipment,"b'Dublin, Ireland'",1986-10-31,0001613103\n,\n
MRK\n,Merck & Co.,Health Care,Pharmaceuticals,"b'Whitehouse Station, New Jersey'",,0000310158,1891\n
MET\n,MetLife Inc.,Financials,Life & Health Insurance,"b'New York, New York'",,0001099219,1868\n
MTD\n,Mettler Toledo,Health Care,Life Sciences Tools & Services,"b'Columbus, Ohio'",2016-09-06,0001037646\n,\n
MGM\n,MGM Resorts International,Consumer Discretionary,Casinos & Gaming,"b'Paradise, Nevada'",2017-07-26,0000789570\n,\n
MCHP\n,Microchip Technology,Information Technology,Semiconductors,"b'Chandler, Arizona'",2007-09-07,0000827054\n,\n
MU\n,Micron Technology,Information Technology,Semiconductors,"b'Boise, Idaho'",1994-09-27,0000723125\n,\n
MSFT\n,Microsoft Corp.,Information Technology,Systems Software,"b'Redmond, Washington'",1994-06-01,0000789019,1975\n
MAA\n,Mid-America Apartments,Real Estate,Residential REITs,"b'Memphis, Tennessee'",2016-12-02,0000912595\n,\n
MHK\n,Mohawk Industries,Consumer Discretionary,Home Furnishings,"b'Amsterdam, New York'",2013-12-23,0000851968\n,\n
TAP\n,Molson Coors Brewing Company,Consumer Staples,Brewers,"b'Denver, Colorado'",1976-06-30,0000024545\n,\n
MDLZ\n,Mondelez International,Consumer Staples,Packaged Foods & Meats,"b'Deerfield, Illinois'",2012-10-02,0001103982\n,\n
MNST\n,Monster Beverage,Consumer Staples,Soft Drinks,"b'Corona, California'",2012-06-28,0000865752\n,\n
MCO\n,Moody\'s Corp,Financials,Financial Exchanges & Data,"b'New York, New York'",,0001059556,1909\n
MS\n,Morgan Stanley,Financials,Investment Banking & Brokerage,"b'New York, New York'",,0000895421,1935\n
MSI\n,Motorola Solutions Inc.,Information Technology,Communications Equipment,"b'Schaumburg, Illinois'",,0000068505,1928 (2011)\n
MSCI\n,MSCI Inc,Financials,Financial Exchanges & Data,"b'New York, New York'",2018-04-04,0001408198\n,\n
MYL\n,Mylan N.V.,Health Care,Pharmaceuticals,"b'Amsterdam, Netherlands'",2004-04-23,0001623613\n,\n
NDAQ\n,"Nasdaq, Inc.",Financials,Financial Exchanges & Data,"b'New York, New York'",2008-10-22,0001120193\n,\n
NOV\n,National Oilwell Varco Inc.,Energy,Oil & Gas Equipment & Services,"b'Houston, Texas'",2005-03-14,0001021860\n,\n
NKTR\n,Nektar Therapeutics,Health Care,Pharmaceuticals,"b'San Francisco, California'",2018-03-19,0000906709\n,\n
NTAP\n,NetApp,Information Technology,Internet Software & Services,"b'Sunnyvale, California'",1999-06-25,0001002047\n,\n
NFLX\n,Netflix Inc.,Communication Services,Movies & Entertainment,"b'Los Gatos, California'",2010-12-20,0001065280,1997\n
NWL\n,Newell Brands,Consumer Discretionary,Housewares & Specialties,"b'Hoboken, New Jersey'",1989-04-30,0000814453\n,\n
NEM\n,Newmont Goldcorp,Materials,Gold,"b'Denver, Colorado'",1969-06-30,0001164727,1921\n
NWSA\n,News Corp. Class A,Communication Services,Publishing,"b'New York, New York'",2013-08-01,0001564708\n,\n
NWS\n,News Corp. Class B,Communication Services,Publishing,"b'New York, New York'",2015-09-18,0001564708\n,\n
NEE\n,NextEra Energy,Utilities,Multi-Utilities,"b'Juno Beach, Florida'",1976-06-30,0000753308\n,\n
NLSN\n,Nielsen Holdings,Industrials,Research & Consulting Services,"b'New York, New York'",2013-07-09,0001492633\n,\n
NKE\n,Nike,Consumer Discretionary,"Apparel, Accessories & Luxury Goods","b'Washington County, Oregon'",1988-11-30,0000320187\n,\n
NI\n,NiSource Inc.,Utilities,Multi-Utilities,"b'Merrillville, Indiana'",,0001111711,1912\n
NBL\n,Noble Energy Inc,Energy,Oil & Gas Exploration & Production,"b'Houston, Texas'",2007-10-08,0000072207\n,\n
JWN\n,Nordstrom,Consumer Discretionary,Department Stores,"b'Seattle, Washington'",1986-08-31,0000072333\n,\n
NSC\n,Norfolk Southern Corp.,Industrials,Railroads,"b'Norfolk, Virginia'",,0000702165,1881/1894 (1980)\n
NTRS\n,Northern Trust Corp.,Financials,Asset Management & Custody Banks,"b'Chicago, Illinois'",,0000073124,1889\n
NOC\n,Northrop Grumman,Industrials,Aerospace & Defense,"b'West Falls Church, Virginia'",1985-06-30,0001133421\n,\n
NCLH\n,Norwegian Cruise Line Holdings,Consumer Discretionary,"Hotels, Resorts & Cruise Lines","b'Miami, Florida'",2017-10-13,0001513761\n,\n
NRG\n,NRG Energy,Utilities,Independent Power Producers & Energy Traders,"b'Princeton, New Jersey'",2010-01-29,0001013871\n,\n
NUE\n,Nucor Corp.,Materials,Steel,"b'Charlotte, North Carolina'",1985-04-30,0000073309\n,\n
NVDA\n,Nvidia Corporation,Information Technology,Semiconductors,"b'Santa Clara, California'",2001-11-30,0001045810\n,\n
ORLY\n,O\'Reilly Automotive,Consumer Discretionary,Specialty Stores,"b'Springfield, Missouri'",2009-03-27,0000898173\n,\n
OXY\n,Occidental Petroleum,Energy,Oil & Gas Exploration & Production,"b'Houston, Texas'",1982-12-31,0000797468\n,\n
OMC\n,Omnicom Group,Communication Services,Advertising,"b'New York, New York'",,0000029989,1986\n
OKE\n,ONEOK,Energy,Oil & Gas Storage & Transportation,"b'Tulsa, Oklahoma'",2010-03-15,0001039684\n,\n
ORCL\n,Oracle Corp.,Information Technology,Application Software,"b'Redwood Shores, California'",1989-08-31,0001341439\n,\n
PCAR\n,PACCAR Inc.,Industrials,Construction Machinery & Heavy Trucks,"b'Bellevue, Washington'",1980-12-31,0000075362\n,\n
PKG\n,Packaging Corporation of America,Materials,Paper Packaging,"b'Lake Forest, Illinois'",2017-07-26,0000075677\n,\n
PH\n,Parker-Hannifin,Industrials,Industrial Machinery,"b'Cleveland, Ohio'",1985-11-30,0000076334\n,\n
PAYX\n,Paychex Inc.,Information Technology,Internet Software & Services,"b'Penfield, New York'",,0000723531,1971\n
PYPL\n,PayPal,Information Technology,Data Processing & Outsourced Services,"b'San Jose, California'",2015-07-20,0001633917\n,\n
PNR\n,Pentair plc,Industrials,Industrial Machinery,"b'Worsley, UK'",2012-10-01,0000077360\n,\n
PBCT\n,People\'s United Financial,Financials,Thrifts & Mortgage Finance,"b'Bridgeport, Connecticut'",2008-11-13,0001378946\n,\n
PEP\n,PepsiCo Inc.,Consumer Staples,Soft Drinks,"b'Purchase, New York'",,0000077476,1898\n
PKI\n,PerkinElmer,Health Care,Health Care Equipment,"b'Waltham, Massachusetts'",1985-05-31,0000031791\n,\n
PRGO\n,Perrigo,Health Care,Pharmaceuticals,"b'Dublin, Ireland'",2011-12-19,0001585364\n,\n
PFE\n,Pfizer Inc.,Health Care,Pharmaceuticals,"b'New York, New York'",,0000078003,1849\n
PM\n,Philip Morris International,Consumer Staples,Tobacco,"b'New York, New York'",2008-03-31,0001413329\n,\n
PSX\n,Phillips 66,Energy,Oil & Gas Refining & Marketing,"b'Houston, Texas'",2012-05-01,0001534701\n,\n
PNW\n,Pinnacle West Capital,Utilities,Multi-Utilities,"b'Phoenix, Arizona'",,0000764622,1985\n
PXD\n,Pioneer Natural Resources,Energy,Oil & Gas Exploration & Production,"b'Irving, Texas'",2008-09-24,0001038357\n,\n
PNC\n,PNC Financial Services,Financials,Regional Banks,"b'Pittsburgh, Pennsylvania'",1988-04-30,0000713676\n,\n
PPG\n,PPG Industries,Materials,Specialty Chemicals,"b'Pittsburgh, Pennsylvania'",,0000079879,1883\n
PPL\n,PPL Corp.,Utilities,Electric Utilities,"b'Allentown, Pennsylvania'",,0000922224\n,\n
PFG\n,Principal Financial Group,Financials,Life & Health Insurance,"b'Des Moines, Iowa'",2002-07-22,0001126328\n,\n
PG\n,Procter & Gamble,Consumer Staples,Personal Products,"b'Cincinnati, Ohio'",,0000080424,1837\n
PGR\n,Progressive Corp.,Financials,Property & Casualty Insurance,"b'Mayfield Village, Ohio'",1997-08-04,0000080661\n,\n
PLD\n,Prologis,Real Estate,Industrial REITs,"b'San Francisco, California'",2003-07-17,0001045609\n,\n
PRU\n,Prudential Financial,Financials,Life & Health Insurance,"b'Newark, New Jersey'",2002-07-22,0001137774\n,\n
PEG\n,Public Serv. Enterprise Inc.,Utilities,Electric Utilities,"b'Newark, New Jersey'",,0000788784\n,\n
PSA\n,Public Storage,Real Estate,Specialized REITs,"b'Glendale, California'",2005-08-19,0001393311\n,\n
PHM\n,Pulte Homes Inc.,Consumer Discretionary,Homebuilding,"b'Atlanta, Georgia'",1984-04-30,0000822416\n,\n
PVH\n,PVH Corp.,Consumer Discretionary,"Apparel, Accessories & Luxury Goods","b'New York, New York'",2013-02-15,0000078239\n,\n
QRVO\n,Qorvo,Information Technology,Semiconductors,"b'Greensboro, North Carolina'",2015-06-11,0001604778\n,\n
QCOM\n,QUALCOMM Inc.,Information Technology,Semiconductors,"b'San Diego, California'",,0000804328,1985\n
PWR\n,Quanta Services Inc.,Industrials,Construction & Engineering,"b'Houston, Texas'",2009-07-01,0001050915\n,\n
DGX\n,Quest Diagnostics,Health Care,Health Care Services,"b'Madison, New Jersey'",2002-12-12,0001022079\n,\n
RL\n,Ralph Lauren Corporation,Consumer Discretionary,"Apparel, Accessories & Luxury Goods","b'New York, New York'",2007-02-02,0001037038\n,\n
RJF\n,Raymond James Financial Inc.,Financials,Investment Banking & Brokerage,"b'St. Petersburg, Florida'",2017-03-20,0000720005\n,\n
RTN\n,Raytheon Co.,Industrials,Aerospace & Defense,"b'Waltham, Massachusetts'",,0001047122,1922\n
O\n,Realty Income Corporation,Real Estate,Retail REITs,"b'San Diego, California'",2015-04-07,0000726728\n,\n
RHT\n,Red Hat Inc.,Information Technology,Systems Software,"b'Raleigh, North Carolina'",2009-07-27,0001087423\n,\n
REG\n,Regency Centers Corporation,Real Estate,Retail REITs,"b'Jacksonville, Florida'",2017-03-02,0000910606\n,\n
REGN\n,Regeneron,Health Care,Biotechnology,"b'Tarrytown, New York'",2013-05-01,0000872589\n,\n
RF\n,Regions Financial Corp.,Financials,Regional Banks,"b'Birmingham, Alabama'",1998-08-28,0001281761\n,\n
RSG\n,Republic Services Inc,Industrials,Environmental & Facilities Services,"b'Phoenix, Arizona'",2008-12-05,0001060391\n,\n
RMD\n,ResMed,Health Care,Health Care Equipment,"b'San Diego, California'",2017-07-26,0000943819\n,\n
RHI\n,Robert Half International,Industrials,Human Resource & Employment Services,"b'Menlo Park, California'",2000-12-05,0000315213\n,\n
ROK\n,Rockwell Automation Inc.,Industrials,Electrical Components & Equipment,"b'Milwaukee, Wisconsin'",,0001024478\n,\n
ROL\n,Rollins Inc.,Industrials,Environmental & Facilities Services,"b'Atlanta, Georgia'",2018-10-01,0000084839\n,\n
ROP\n,Roper Technologies,Industrials,Industrial Conglomerates,"b'Sarasota, Florida'",2009-12-23,0000882835\n,\n
ROST\n,Ross Stores,Consumer Discretionary,Apparel Retail,"b'Pleasanton, California'",2009-12-21,0000745732\n,\n
RCL\n,Royal Caribbean Cruises Ltd,Consumer Discretionary,"Hotels, Resorts & Cruise Lines","b'Miami, Florida'",2014-12-05,0000884887\n,\n
SPGI\n,"S&P Global, Inc.",Financials,Financial Exchanges & Data,"b'New York, New York'",,0000064040\n,\n
CRM\n,Salesforce.com,Information Technology,Internet Software & Services,"b'San Francisco, California'",2008-09-15,0001108524\n,\n
SBAC\n,SBA Communications,Real Estate,Specialized REITs,"b'Boca Raton, Florida'",2017-09-01,0001034054\n,\n
SLB\n,Schlumberger Ltd.,Energy,Oil & Gas Equipment & Services,"b'Cura\\xc3\\xa7ao, Kingdom of the Netherlands'",1965-03-31,0000087347,1926\n
STX\n,Seagate Technology,Information Technology,"Technology Hardware, Storage & Peripherals","b'Dublin, Ireland'",2012-07-02,0001137789\n,\n
SEE\n,Sealed Air,Materials,Paper Packaging,"b'Elmwood Park, New Jersey'",,0001012100\n,\n
SRE\n,Sempra Energy,Utilities,Multi-Utilities,"b'San Diego, California'",,0001032208\n,\n
SHW\n,Sherwin-Williams,Materials,Specialty Chemicals,"b'Cleveland, Ohio'",1964-06-30,0000089800,1866\n
SPG\n,Simon Property Group Inc,Real Estate,Retail REITs,"b'Indianapolis, Indiana'",2002-06-26,0001063761\n,\n
SWKS\n,Skyworks Solutions,Information Technology,Semiconductors,"b'Woburn, Massachusetts'",2015-03-12,0000004127\n,\n
SLG\n,SL Green Realty,Real Estate,Office REITs,"b'New York, New York'",2015-03-20,0001040971\n,\n
SNA\n,Snap-on,Industrials,Industrial Machinery,"b'Kenosha, Wisconsin'",1982-09-30,0000091440\n,\n
SO\n,Southern Co.,Utilities,Electric Utilities,"b'Atlanta, Georgia'",,0000092122\n,\n
LUV\n,Southwest Airlines,Industrials,Airlines,"b'Dallas, Texas'",1994-07-01,0000092380\n,\n
SWK\n,Stanley Black & Decker,Industrials,Industrial Machinery,"b'New Britain, Connecticut'",1982-09-30,0000093556\n,\n
SBUX\n,Starbucks Corp.,Consumer Discretionary,Restaurants,"b'Seattle, Washington'",,0000829224,1971\n
STT\n,State Street Corp.,Financials,Asset Management & Custody Banks,"b'Boston, Massachusetts'",,0000093751\n,\n
SYK\n,Stryker Corp.,Health Care,Health Care Equipment,"b'Kalamazoo, Michigan'",2000-12-12,0000310764\n,\n
STI\n,SunTrust Banks,Financials,Regional Banks,"b'Atlanta, Georgia'",1988-05-31,0000750556\n,\n
SIVB\n,SVB Financial,Financials,Regional Banks,"b'Santa Clara, California'",2018-03-19,0000719739\n,\n
SYMC\n,Symantec Corp.,Information Technology,Application Software,"b'Mountain View, California'",2003-03-25,0000849399\n,\n
SYF\n,Synchrony Financial,Financials,Consumer Finance,"b'Stamford, Connecticut'",2015-11-18,0001601712\n,\n
SNPS\n,Synopsys Inc.,Information Technology,Application Software,"b'Mountain View, California'",2017-03-16,0000883241\n,\n
SYY\n,Sysco Corp.,Consumer Staples,Food Distributors,"b'Houston, Texas'",1986-12-31,0000096021\n,\n
TROW\n,T. Rowe Price Group,Financials,Asset Management & Custody Banks,"b'Baltimore, Maryland'",,0001113169,1937\n
TTWO\n,Take-Two Interactive,Communication Services,Interactive Home Entertainment,"b'New York, New York'",2018-03-19,0000946581\n,\n
TPR\n,"Tapestry, Inc.",Consumer Discretionary,"Apparel, Accessories & Luxury Goods","b'New York, New York'",,0001116132,2017\n
TGT\n,Target Corp.,Consumer Discretionary,General Merchandise Stores,"b'Minneapolis, Minnesota'",1976-12-31,0000027419\n,\n
TEL\n,TE Connectivity Ltd.,Information Technology,Electronic Manufacturing Services,"b'Schaffhausen, Switzerland'",2011-10-17,0001385157\n,\n
FTI\n,TechnipFMC,Energy,Oil & Gas Equipment & Services,"b'London, United Kingdom'",2009-06-05,0001681459\n,\n
TFX\n,Teleflex,Health Care,Health Care Equipment,"b'Wayne, Pennsylvania'",2019-01-18,0000096943,1943\n
TXN\n,Texas Instruments,Information Technology,Semiconductors,"b'Dallas, Texas'",,0000097476,1930\n
TXT\n,Textron Inc.,Industrials,Aerospace & Defense,"b'Providence, Rhode Island'",1978-12-31,0000217346\n,\n
BK\n,The Bank of New York Mellon Corp.,Financials,Asset Management & Custody Banks,"b'New York, New York'",1995-03-31,0001390777\n,\n
CLX\n,The Clorox Company,Consumer Staples,Household Products,"b'Oakland, California'",1969-03-31,0000021076,1913\n
COO\n,The Cooper Companies,Health Care,Health Care Supplies,"b'Pleasanton, California'",2016-09-23,0000711404\n,\n
HSY\n,The Hershey Company,Consumer Staples,Packaged Foods & Meats,"b'Hershey, Pennsylvania'",,0000047111,1894\n
MOS\n,The Mosaic Company,Materials,Fertilizers & Agricultural Chemicals,"b'Plymouth, Minnesota'",2011-09-26,0001285785\n,\n
TRV\n,The Travelers Companies Inc.,Financials,Property & Casualty Insurance,"b'New York, New York'",2002-08-21,0000086312\n,\n
DIS\n,The Walt Disney Company,Communication Services,Movies & Entertainment,"b'Burbank, California'",1976-06-30,0001001039\n,\n
TMO\n,Thermo Fisher Scientific,Health Care,Health Care Equipment,"b'Waltham, Massachusetts'",,0000097745,2006\n
TIF\n,Tiffany & Co.,Consumer Discretionary,"Apparel, Accessories & Luxury Goods","b'New York, New York'",2000-06-21,0000098246\n,\n
TJX\n,TJX Companies Inc.,Consumer Discretionary,Apparel Retail,"b'Framingham, Massachusetts'",1985-09-30,0000109198\n,\n
TMK\n,Torchmark Corp.,Financials,Life & Health Insurance,"b'McKinney, Texas'",1989-04-30,0000320335\n,\n
TSS\n,Total System Services,Information Technology,Internet Software & Services,"b'Columbus, Georgia'",2008-01-02,0000721683\n,\n
TSCO\n,Tractor Supply Company,Consumer Discretionary,Specialty Stores,"b'Brentwood, Tennessee'",2014-01-24,0000916365\n,\n
TDG\n,TransDigm Group,Industrials,Aerospace & Defense,"b'Cleveland, Ohio'",2016-06-03,0001260221\n,\n
TRIP\n,TripAdvisor,Communication Services,Interactive Media & Services,"b'Newton, Massachusetts'",2011-12-21,0001526520\n,\n
TWTR\n,"Twitter, Inc.",Communication Services,Interactive Media & Services,"b'San Francisco, California'",2018-06-07,0001418091\n,\n
TSN\n,Tyson Foods,Consumer Staples,Packaged Foods & Meats,"b'Springdale, Arkansas'",,0000100493\n,\n
USB\n,U.S. Bancorp,Financials,Diversified Banks,"b'Minneapolis, Minnesota'",,0000036104,1968\n
UDR\n,UDR Inc,Real Estate,Residential REITs,"b'Highlands Ranch, Colorado'",2016-03-07,0000074208\n,\n
ULTA\n,Ulta Beauty,Consumer Discretionary,Specialty Stores,"b'Bolingbrook, Illinois'",2016-04-18,0001403568\n,\n
UAA\n,Under Armour Class A,Consumer Discretionary,"Apparel, Accessories & Luxury Goods","b'Baltimore, Maryland'",2016-03-25,0001336917\n,\n
UA\n,Under Armour Class C,Consumer Discretionary,"Apparel, Accessories & Luxury Goods","b'Baltimore, Maryland'",2014-05-01,0001336917\n,\n
UNP\n,Union Pacific,Industrials,Railroads,"b'Omaha, Nebraska'",,0000100885\n,\n
UAL\n,United Continental Holdings,Industrials,Airlines,"b'Chicago, Illinois'",2015-09-03,0000100517\n,\n
UNH\n,United Health Group Inc.,Health Care,Managed Health Care,"b'Minnetonka, Minnesota'",1994-07-01,0000731766\n,\n
UPS\n,United Parcel Service,Industrials,Air Freight & Logistics,"b'Atlanta, Georgia'",2002-07-22,0001090727\n,\n
URI\n,"United Rentals, Inc.",Industrials,Trading Companies & Distributors,"b'Stamford, Connecticut'",2014-09-20,0001067701\n,\n
UTX\n,United Technologies,Industrials,Aerospace & Defense,"b'Hartford, Connecticut'",,0000101829\n,\n
UHS\n,"Universal Health Services, Inc.",Health Care,Health Care Facilities,"b'King of Prussia, Pennsylvania'",2014-09-20,0000352915\n,\n
UNM\n,Unum Group,Financials,Life & Health Insurance,"b'Chattanooga, Tennessee'",1994-03-01,0000005513\n,\n
VFC\n,V.F. Corp.,Consumer Discretionary,"Apparel, Accessories & Luxury Goods","b'Greensboro, North Carolina'",1979-06-30,0000103379\n,\n
VLO\n,Valero Energy,Energy,Oil & Gas Refining & Marketing,"b'San Antonio, Texas'",,0001035002,1980\n
VAR\n,Varian Medical Systems,Health Care,Health Care Equipment,"b'Palo Alto, California'",2007-02-12,0000203527\n,\n
VTR\n,Ventas Inc,Real Estate,Health Care REITs,"b'Chicago, Illinois'",2009-03-04,0000740260\n,\n
VRSN\n,Verisign Inc.,Information Technology,Internet Services & Infrastructure,"b'Dulles, Virginia'",2006-02-01,0001014473\n,\n
VRSK\n,Verisk Analytics,Industrials,Research & Consulting Services,"b'Jersey City, New Jersey'",2015-10-08,0001442145\n,\n
VZ\n,Verizon Communications,Communication Services\n,Integrated Telecommunication Services,"b'New York, New York'",1983-11-30,0000732712\n,\n
VRTX\n,Vertex Pharmaceuticals Inc,Health Care,Biotechnology,"b'Cambridge, Massachusetts'",2013-09-23,0000875320\n,\n
VIAB\n,Viacom Inc.,Communication Services,Movies & Entertainment,"b'New York, New York'",,0001339947\n,\n
V\n,Visa Inc.,Information Technology,IT Services,"b'San Francisco, California'",2009-12-21,0001403161\n,\n
VNO\n,Vornado Realty Trust,Real Estate,Office REITs,"b'New York, New York'",,0000899689\n,\n
VMC\n,Vulcan Materials,Materials,Construction Materials,"b'Birmingham, Alabama'",1999-06-30,0001396009\n,\n
WAB\n,Wabtec Corporation,Industrials,Construction Machinery & Heavy Trucks,"b'Wilmerding, Pennsylvania'",2019-02-27,0000943452,\n
WBA\n,Walgreens Boots Alliance,Consumer Staples,Drug Retail,"b'Deerfield, Illinois'",1979-12-31,0001618921\n,\n
WMT\n,Walmart,Consumer Staples,Hypermarkets & Super Centers,"b'Bentonville, Arkansas'",1982-08-31,0000104169\n,\n
WM\n,Waste Management Inc.,Industrials,Environmental & Facilities Services,"b'Houston, Texas'",,0000823768,1968\n
WAT\n,Waters Corporation,Health Care,Health Care Distributors,"b'Milford, Massachusetts'",,0001000697,1958\n
WEC\n,Wec Energy Group Inc,Utilities,Electric Utilities,"b'Milwaukee, Wisconsin'",2008-10-31,0000783325\n,\n
WCG\n,WellCare,Health Care,Managed Health Care,"b'Tampa, Florida'",1985,0001279363\n,\n
WFC\n,Wells Fargo,Financials,Diversified Banks,"b'San Francisco, California'",1976-06-30,0000072971\n,\n
WELL\n,Welltower Inc.,Real Estate,Health Care REITs,"b'Toledo, Ohio'",2009-01-30,0000766704\n,\n
WDC\n,Western Digital,Information Technology,"Technology Hardware, Storage & Peripherals","b'Irvine, California'",2009-07-01,0000106040\n,\n
WU\n,Western Union Co,Information Technology,Internet Software & Services,"b'Englewood, Colorado'",,0001365135,1851\n
WRK\n,WestRock,Materials,Paper Packaging,"b'Richmond, Virginia'",,0001636023\n,\n
WY\n,Weyerhaeuser,Real Estate,Specialized REITS,"b'Federal Way, Washington'",,0000106535\n,\n
WHR\n,Whirlpool Corp.,Consumer Discretionary,Household Appliances,"b'Benton Harbor, Michigan'",,0000106640,1911\n
WMB\n,Williams Cos.,Energy,Oil & Gas Storage & Transportation,"b'Tulsa, Oklahoma'",1975-03-31,0000107263\n,\n
WLTW\n,Willis Towers Watson,Financials,Insurance Brokers,"b'London, United Kingdom'",2016-01-05,0001140536\n,\n
WYNN\n,Wynn Resorts Ltd,Consumer Discretionary,Casinos & Gaming,"b'Paradise, Nevada'",2008-11-14,0001174922\n,\n
XEL\n,Xcel Energy Inc,Utilities,Multi-Utilities,"b'Minneapolis, Minnesota'",,0000072903,1909\n
XRX\n,Xerox,Information Technology,"Technology Hardware, Storage & Peripherals","b'Norwalk, Connecticut'",,0000108772,1906\n
XLNX\n,Xilinx,Information Technology,Semiconductors,"b'San Jose, California'",1999-11-08,0000743988\n,\n
XYL\n,Xylem Inc.,Industrials,Industrial Machinery,"b'White Plains, New York'",2011-11-01,0001524472\n,\n
YUM\n,Yum! Brands Inc,Consumer Discretionary,Restaurants,"b'Louisville, Kentucky'",1997-10-06,0001041061\n,\n
ZBH\n,Zimmer Biomet Holdings,Health Care,Health Care Equipment,"b'Warsaw, Indiana'",2001-08-07,0001136869\n,\n
ZION\n,Zions Bancorp,Financials,Regional Banks,"b'Salt Lake City, Utah'",2001-06-22,0000109380\n,\n
ZTS\n,Zoetis,Health Care,Pharmaceuticals,"b'Florham Park, New Jersey'",2013-06-21,0001555280\n,\n
